input_name;processor;operation;input_width;input_height;output_width;output_height;batch_size;time
640x360.mp4;GPU;RESIZE;640;360;640;360;100;2292
640x360.mp4;GPU;RESIZE;640;360;640;360;100;2257
640x360.mp4;GPU;RESIZE;640;360;640;360;100;2269
640x360.mp4;GPU;RESIZE;640;360;640;360;100;2194
640x360.mp4;GPU;RESIZE;640;360;640;360;100;2315
640x360.mp4;GPU;RESIZE;640;360;640;360;100;2261
640x360.mp4;GPU;RESIZE;640;360;640;360;100;2185
640x360.mp4;GPU;RESIZE;640;360;640;360;100;2311
640x360.mp4;GPU;RESIZE;640;360;640;360;100;2321
640x360.mp4;GPU;RESIZE;640;360;640;360;100;2198
640x360.mp4;GPU;RESIZE;640;360;640;360;100;2320
640x360.mp4;GPU;RESIZE;640;360;640;360;100;2264
640x360.mp4;GPU;RESIZE;640;360;640;360;100;2232
640x360.mp4;GPU;RESIZE;640;360;640;360;100;2300
640x360.mp4;GPU;RESIZE;640;360;640;360;100;2368
640x360.mp4;GPU;RESIZE;640;360;640;360;100;2339
640x360.mp4;GPU;RESIZE;640;360;640;360;100;2210
640x360.mp4;GPU;RESIZE;640;360;640;360;100;2293
640x360.mp4;GPU;RESIZE;640;360;640;360;100;2317
640x360.mp4;GPU;RESIZE;640;360;640;360;100;2270
640x360.mp4;GPU;RESIZE;640;360;1280;720;100;2751
640x360.mp4;GPU;RESIZE;640;360;1280;720;100;2834
640x360.mp4;GPU;RESIZE;640;360;1280;720;100;2593
640x360.mp4;GPU;RESIZE;640;360;1280;720;100;2689
640x360.mp4;GPU;RESIZE;640;360;1280;720;100;2839
640x360.mp4;GPU;RESIZE;640;360;1280;720;100;2761
640x360.mp4;GPU;RESIZE;640;360;1280;720;100;2789
640x360.mp4;GPU;RESIZE;640;360;1280;720;100;2842
640x360.mp4;GPU;RESIZE;640;360;1280;720;100;2759
640x360.mp4;GPU;RESIZE;640;360;1280;720;100;2721
640x360.mp4;GPU;RESIZE;640;360;1280;720;100;2815
640x360.mp4;GPU;RESIZE;640;360;1280;720;100;2689
640x360.mp4;GPU;RESIZE;640;360;1280;720;100;2736
640x360.mp4;GPU;RESIZE;640;360;1280;720;100;2694
640x360.mp4;GPU;RESIZE;640;360;1280;720;100;2761
640x360.mp4;GPU;RESIZE;640;360;1280;720;100;2725
640x360.mp4;GPU;RESIZE;640;360;1280;720;100;2667
640x360.mp4;GPU;RESIZE;640;360;1280;720;100;2750
640x360.mp4;GPU;RESIZE;640;360;1280;720;100;2717
640x360.mp4;GPU;RESIZE;640;360;1280;720;100;2734
640x360.mp4;GPU;RESIZE;640;360;1600;900;100;3164
640x360.mp4;GPU;RESIZE;640;360;1600;900;100;3284
640x360.mp4;GPU;RESIZE;640;360;1600;900;100;3247
640x360.mp4;GPU;RESIZE;640;360;1600;900;100;3286
640x360.mp4;GPU;RESIZE;640;360;1600;900;100;3259
640x360.mp4;GPU;RESIZE;640;360;1600;900;100;3225
640x360.mp4;GPU;RESIZE;640;360;1600;900;100;3273
640x360.mp4;GPU;RESIZE;640;360;1600;900;100;3280
640x360.mp4;GPU;RESIZE;640;360;1600;900;100;3289
640x360.mp4;GPU;RESIZE;640;360;1600;900;100;3286
640x360.mp4;GPU;RESIZE;640;360;1600;900;100;3210
640x360.mp4;GPU;RESIZE;640;360;1600;900;100;3233
640x360.mp4;GPU;RESIZE;640;360;1600;900;100;3215
640x360.mp4;GPU;RESIZE;640;360;1600;900;100;3274
640x360.mp4;GPU;RESIZE;640;360;1600;900;100;3292
640x360.mp4;GPU;RESIZE;640;360;1600;900;100;3282
640x360.mp4;GPU;RESIZE;640;360;1600;900;100;3308
640x360.mp4;GPU;RESIZE;640;360;1600;900;100;3341
640x360.mp4;GPU;RESIZE;640;360;1600;900;100;3301
640x360.mp4;GPU;RESIZE;640;360;1600;900;100;3197
640x360.mp4;GPU;RESIZE;640;360;1920;1080;100;3893
640x360.mp4;GPU;RESIZE;640;360;1920;1080;100;3862
640x360.mp4;GPU;RESIZE;640;360;1920;1080;100;3812
640x360.mp4;GPU;RESIZE;640;360;1920;1080;100;3880
640x360.mp4;GPU;RESIZE;640;360;1920;1080;100;3852
640x360.mp4;GPU;RESIZE;640;360;1920;1080;100;3887
640x360.mp4;GPU;RESIZE;640;360;1920;1080;100;3896
640x360.mp4;GPU;RESIZE;640;360;1920;1080;100;3863
640x360.mp4;GPU;RESIZE;640;360;1920;1080;100;3924
640x360.mp4;GPU;RESIZE;640;360;1920;1080;100;3820
640x360.mp4;GPU;RESIZE;640;360;1920;1080;100;3901
640x360.mp4;GPU;RESIZE;640;360;1920;1080;100;3843
640x360.mp4;GPU;RESIZE;640;360;1920;1080;100;3796
640x360.mp4;GPU;RESIZE;640;360;1920;1080;100;3910
640x360.mp4;GPU;RESIZE;640;360;1920;1080;100;3820
640x360.mp4;GPU;RESIZE;640;360;1920;1080;100;3832
640x360.mp4;GPU;RESIZE;640;360;1920;1080;100;3860
640x360.mp4;GPU;RESIZE;640;360;1920;1080;100;3844
640x360.mp4;GPU;RESIZE;640;360;1920;1080;100;3776
640x360.mp4;GPU;RESIZE;640;360;1920;1080;100;3913
1280x720.mp4;GPU;RESIZE;1280;720;640;360;100;2780
1280x720.mp4;GPU;RESIZE;1280;720;640;360;100;2726
1280x720.mp4;GPU;RESIZE;1280;720;640;360;100;2629
1280x720.mp4;GPU;RESIZE;1280;720;640;360;100;2613
1280x720.mp4;GPU;RESIZE;1280;720;640;360;100;2716
1280x720.mp4;GPU;RESIZE;1280;720;640;360;100;2720
1280x720.mp4;GPU;RESIZE;1280;720;640;360;100;2660
1280x720.mp4;GPU;RESIZE;1280;720;640;360;100;2654
1280x720.mp4;GPU;RESIZE;1280;720;640;360;100;2590
1280x720.mp4;GPU;RESIZE;1280;720;640;360;100;2793
1280x720.mp4;GPU;RESIZE;1280;720;640;360;100;2878
1280x720.mp4;GPU;RESIZE;1280;720;640;360;100;2777
1280x720.mp4;GPU;RESIZE;1280;720;640;360;100;2590
1280x720.mp4;GPU;RESIZE;1280;720;640;360;100;2628
1280x720.mp4;GPU;RESIZE;1280;720;640;360;100;2769
1280x720.mp4;GPU;RESIZE;1280;720;640;360;100;2689
1280x720.mp4;GPU;RESIZE;1280;720;640;360;100;2690
1280x720.mp4;GPU;RESIZE;1280;720;640;360;100;2676
1280x720.mp4;GPU;RESIZE;1280;720;640;360;100;2700
1280x720.mp4;GPU;RESIZE;1280;720;640;360;100;2663
1280x720.mp4;GPU;RESIZE;1280;720;1280;720;100;3046
1280x720.mp4;GPU;RESIZE;1280;720;1280;720;100;2911
1280x720.mp4;GPU;RESIZE;1280;720;1280;720;100;2934
1280x720.mp4;GPU;RESIZE;1280;720;1280;720;100;2903
1280x720.mp4;GPU;RESIZE;1280;720;1280;720;100;2884
1280x720.mp4;GPU;RESIZE;1280;720;1280;720;100;2971
1280x720.mp4;GPU;RESIZE;1280;720;1280;720;100;3025
1280x720.mp4;GPU;RESIZE;1280;720;1280;720;100;2924
1280x720.mp4;GPU;RESIZE;1280;720;1280;720;100;2969
1280x720.mp4;GPU;RESIZE;1280;720;1280;720;100;2949
1280x720.mp4;GPU;RESIZE;1280;720;1280;720;100;2915
1280x720.mp4;GPU;RESIZE;1280;720;1280;720;100;2961
1280x720.mp4;GPU;RESIZE;1280;720;1280;720;100;2980
1280x720.mp4;GPU;RESIZE;1280;720;1280;720;100;2896
1280x720.mp4;GPU;RESIZE;1280;720;1280;720;100;2975
1280x720.mp4;GPU;RESIZE;1280;720;1280;720;100;2975
1280x720.mp4;GPU;RESIZE;1280;720;1280;720;100;2904
1280x720.mp4;GPU;RESIZE;1280;720;1280;720;100;2983
1280x720.mp4;GPU;RESIZE;1280;720;1280;720;100;2941
1280x720.mp4;GPU;RESIZE;1280;720;1280;720;100;2995
1280x720.mp4;GPU;RESIZE;1280;720;1600;900;100;3522
1280x720.mp4;GPU;RESIZE;1280;720;1600;900;100;3412
1280x720.mp4;GPU;RESIZE;1280;720;1600;900;100;3415
1280x720.mp4;GPU;RESIZE;1280;720;1600;900;100;3455
1280x720.mp4;GPU;RESIZE;1280;720;1600;900;100;3374
1280x720.mp4;GPU;RESIZE;1280;720;1600;900;100;3413
1280x720.mp4;GPU;RESIZE;1280;720;1600;900;100;3310
1280x720.mp4;GPU;RESIZE;1280;720;1600;900;100;3393
1280x720.mp4;GPU;RESIZE;1280;720;1600;900;100;3411
1280x720.mp4;GPU;RESIZE;1280;720;1600;900;100;3756
1280x720.mp4;GPU;RESIZE;1280;720;1600;900;100;4087
1280x720.mp4;GPU;RESIZE;1280;720;1600;900;100;3580
1280x720.mp4;GPU;RESIZE;1280;720;1600;900;100;3544
1280x720.mp4;GPU;RESIZE;1280;720;1600;900;100;3509
1280x720.mp4;GPU;RESIZE;1280;720;1600;900;100;3436
1280x720.mp4;GPU;RESIZE;1280;720;1600;900;100;3478
1280x720.mp4;GPU;RESIZE;1280;720;1600;900;100;3416
1280x720.mp4;GPU;RESIZE;1280;720;1600;900;100;3442
1280x720.mp4;GPU;RESIZE;1280;720;1600;900;100;3435
1280x720.mp4;GPU;RESIZE;1280;720;1600;900;100;3505
1280x720.mp4;GPU;RESIZE;1280;720;1920;1080;100;4004
1280x720.mp4;GPU;RESIZE;1280;720;1920;1080;100;4033
1280x720.mp4;GPU;RESIZE;1280;720;1920;1080;100;4024
1280x720.mp4;GPU;RESIZE;1280;720;1920;1080;100;3979
1280x720.mp4;GPU;RESIZE;1280;720;1920;1080;100;4052
1280x720.mp4;GPU;RESIZE;1280;720;1920;1080;100;3994
1280x720.mp4;GPU;RESIZE;1280;720;1920;1080;100;3962
1280x720.mp4;GPU;RESIZE;1280;720;1920;1080;100;4045
1280x720.mp4;GPU;RESIZE;1280;720;1920;1080;100;4000
1280x720.mp4;GPU;RESIZE;1280;720;1920;1080;100;4079
1280x720.mp4;GPU;RESIZE;1280;720;1920;1080;100;4112
1280x720.mp4;GPU;RESIZE;1280;720;1920;1080;100;4125
1280x720.mp4;GPU;RESIZE;1280;720;1920;1080;100;4121
1280x720.mp4;GPU;RESIZE;1280;720;1920;1080;100;3997
1280x720.mp4;GPU;RESIZE;1280;720;1920;1080;100;4027
1280x720.mp4;GPU;RESIZE;1280;720;1920;1080;100;4016
1280x720.mp4;GPU;RESIZE;1280;720;1920;1080;100;4044
1280x720.mp4;GPU;RESIZE;1280;720;1920;1080;100;4121
1280x720.mp4;GPU;RESIZE;1280;720;1920;1080;100;4059
1280x720.mp4;GPU;RESIZE;1280;720;1920;1080;100;4011
1600x900.mp4;GPU;RESIZE;1600;900;640;360;100;2740
1600x900.mp4;GPU;RESIZE;1600;900;640;360;100;2859
1600x900.mp4;GPU;RESIZE;1600;900;640;360;100;2768
1600x900.mp4;GPU;RESIZE;1600;900;640;360;100;2855
1600x900.mp4;GPU;RESIZE;1600;900;640;360;100;2778
1600x900.mp4;GPU;RESIZE;1600;900;640;360;100;2870
1600x900.mp4;GPU;RESIZE;1600;900;640;360;100;2849
1600x900.mp4;GPU;RESIZE;1600;900;640;360;100;2856
1600x900.mp4;GPU;RESIZE;1600;900;640;360;100;2796
1600x900.mp4;GPU;RESIZE;1600;900;640;360;100;2717
1600x900.mp4;GPU;RESIZE;1600;900;640;360;100;2786
1600x900.mp4;GPU;RESIZE;1600;900;640;360;100;2831
1600x900.mp4;GPU;RESIZE;1600;900;640;360;100;2794
1600x900.mp4;GPU;RESIZE;1600;900;640;360;100;2785
1600x900.mp4;GPU;RESIZE;1600;900;640;360;100;2775
1600x900.mp4;GPU;RESIZE;1600;900;640;360;100;2768
1600x900.mp4;GPU;RESIZE;1600;900;640;360;100;2902
1600x900.mp4;GPU;RESIZE;1600;900;640;360;100;2816
1600x900.mp4;GPU;RESIZE;1600;900;640;360;100;2813
1600x900.mp4;GPU;RESIZE;1600;900;640;360;100;2695
1600x900.mp4;GPU;RESIZE;1600;900;1280;720;100;3125
1600x900.mp4;GPU;RESIZE;1600;900;1280;720;100;3042
1600x900.mp4;GPU;RESIZE;1600;900;1280;720;100;2996
1600x900.mp4;GPU;RESIZE;1600;900;1280;720;100;3037
1600x900.mp4;GPU;RESIZE;1600;900;1280;720;100;3058
1600x900.mp4;GPU;RESIZE;1600;900;1280;720;100;3111
1600x900.mp4;GPU;RESIZE;1600;900;1280;720;100;2984
1600x900.mp4;GPU;RESIZE;1600;900;1280;720;100;3069
1600x900.mp4;GPU;RESIZE;1600;900;1280;720;100;3103
1600x900.mp4;GPU;RESIZE;1600;900;1280;720;100;3192
1600x900.mp4;GPU;RESIZE;1600;900;1280;720;100;2971
1600x900.mp4;GPU;RESIZE;1600;900;1280;720;100;3059
1600x900.mp4;GPU;RESIZE;1600;900;1280;720;100;3043
1600x900.mp4;GPU;RESIZE;1600;900;1280;720;100;3058
1600x900.mp4;GPU;RESIZE;1600;900;1280;720;100;3028
1600x900.mp4;GPU;RESIZE;1600;900;1280;720;100;3083
1600x900.mp4;GPU;RESIZE;1600;900;1280;720;100;3477
1600x900.mp4;GPU;RESIZE;1600;900;1280;720;100;3550
1600x900.mp4;GPU;RESIZE;1600;900;1280;720;100;3512
1600x900.mp4;GPU;RESIZE;1600;900;1280;720;100;3489
1600x900.mp4;GPU;RESIZE;1600;900;1600;900;100;3721
1600x900.mp4;GPU;RESIZE;1600;900;1600;900;100;3520
1600x900.mp4;GPU;RESIZE;1600;900;1600;900;100;3564
1600x900.mp4;GPU;RESIZE;1600;900;1600;900;100;3640
1600x900.mp4;GPU;RESIZE;1600;900;1600;900;100;3651
1600x900.mp4;GPU;RESIZE;1600;900;1600;900;100;3620
1600x900.mp4;GPU;RESIZE;1600;900;1600;900;100;3567
1600x900.mp4;GPU;RESIZE;1600;900;1600;900;100;3670
1600x900.mp4;GPU;RESIZE;1600;900;1600;900;100;3645
1600x900.mp4;GPU;RESIZE;1600;900;1600;900;100;3631
1600x900.mp4;GPU;RESIZE;1600;900;1600;900;100;3557
1600x900.mp4;GPU;RESIZE;1600;900;1600;900;100;3547
1600x900.mp4;GPU;RESIZE;1600;900;1600;900;100;3590
1600x900.mp4;GPU;RESIZE;1600;900;1600;900;100;3614
1600x900.mp4;GPU;RESIZE;1600;900;1600;900;100;3514
1600x900.mp4;GPU;RESIZE;1600;900;1600;900;100;3594
1600x900.mp4;GPU;RESIZE;1600;900;1600;900;100;3575
1600x900.mp4;GPU;RESIZE;1600;900;1600;900;100;3580
1600x900.mp4;GPU;RESIZE;1600;900;1600;900;100;3532
1600x900.mp4;GPU;RESIZE;1600;900;1600;900;100;3580
1600x900.mp4;GPU;RESIZE;1600;900;1920;1080;100;4065
1600x900.mp4;GPU;RESIZE;1600;900;1920;1080;100;4167
1600x900.mp4;GPU;RESIZE;1600;900;1920;1080;100;4196
1600x900.mp4;GPU;RESIZE;1600;900;1920;1080;100;4154
1600x900.mp4;GPU;RESIZE;1600;900;1920;1080;100;4183
1600x900.mp4;GPU;RESIZE;1600;900;1920;1080;100;4171
1600x900.mp4;GPU;RESIZE;1600;900;1920;1080;100;4025
1600x900.mp4;GPU;RESIZE;1600;900;1920;1080;100;4166
1600x900.mp4;GPU;RESIZE;1600;900;1920;1080;100;4337
1600x900.mp4;GPU;RESIZE;1600;900;1920;1080;100;4286
1600x900.mp4;GPU;RESIZE;1600;900;1920;1080;100;4304
1600x900.mp4;GPU;RESIZE;1600;900;1920;1080;100;4233
1600x900.mp4;GPU;RESIZE;1600;900;1920;1080;100;4263
1600x900.mp4;GPU;RESIZE;1600;900;1920;1080;100;4147
1600x900.mp4;GPU;RESIZE;1600;900;1920;1080;100;4203
1600x900.mp4;GPU;RESIZE;1600;900;1920;1080;100;4161
1600x900.mp4;GPU;RESIZE;1600;900;1920;1080;100;4139
1600x900.mp4;GPU;RESIZE;1600;900;1920;1080;100;4114
1600x900.mp4;GPU;RESIZE;1600;900;1920;1080;100;4068
1600x900.mp4;GPU;RESIZE;1600;900;1920;1080;100;4162
1920x1080.mp4;GPU;RESIZE;1920;1080;640;360;100;2184
1920x1080.mp4;GPU;RESIZE;1920;1080;640;360;100;2151
1920x1080.mp4;GPU;RESIZE;1920;1080;640;360;100;2160
1920x1080.mp4;GPU;RESIZE;1920;1080;640;360;100;2233
1920x1080.mp4;GPU;RESIZE;1920;1080;640;360;100;2196
1920x1080.mp4;GPU;RESIZE;1920;1080;640;360;100;2194
1920x1080.mp4;GPU;RESIZE;1920;1080;640;360;100;2149
1920x1080.mp4;GPU;RESIZE;1920;1080;640;360;100;2207
1920x1080.mp4;GPU;RESIZE;1920;1080;640;360;100;2112
1920x1080.mp4;GPU;RESIZE;1920;1080;640;360;100;2217
1920x1080.mp4;GPU;RESIZE;1920;1080;640;360;100;2142
1920x1080.mp4;GPU;RESIZE;1920;1080;640;360;100;2290
1920x1080.mp4;GPU;RESIZE;1920;1080;640;360;100;2207
1920x1080.mp4;GPU;RESIZE;1920;1080;640;360;100;2307
1920x1080.mp4;GPU;RESIZE;1920;1080;640;360;100;2259
1920x1080.mp4;GPU;RESIZE;1920;1080;640;360;100;2199
1920x1080.mp4;GPU;RESIZE;1920;1080;640;360;100;2252
1920x1080.mp4;GPU;RESIZE;1920;1080;640;360;100;2193
1920x1080.mp4;GPU;RESIZE;1920;1080;640;360;100;2271
1920x1080.mp4;GPU;RESIZE;1920;1080;640;360;100;2270
1920x1080.mp4;GPU;RESIZE;1920;1080;1280;720;100;2480
1920x1080.mp4;GPU;RESIZE;1920;1080;1280;720;100;2413
1920x1080.mp4;GPU;RESIZE;1920;1080;1280;720;100;2481
1920x1080.mp4;GPU;RESIZE;1920;1080;1280;720;100;2397
1920x1080.mp4;GPU;RESIZE;1920;1080;1280;720;100;2433
1920x1080.mp4;GPU;RESIZE;1920;1080;1280;720;100;2449
1920x1080.mp4;GPU;RESIZE;1920;1080;1280;720;100;2456
1920x1080.mp4;GPU;RESIZE;1920;1080;1280;720;100;2462
1920x1080.mp4;GPU;RESIZE;1920;1080;1280;720;100;2437
1920x1080.mp4;GPU;RESIZE;1920;1080;1280;720;100;2461
1920x1080.mp4;GPU;RESIZE;1920;1080;1280;720;100;2435
1920x1080.mp4;GPU;RESIZE;1920;1080;1280;720;100;2434
1920x1080.mp4;GPU;RESIZE;1920;1080;1280;720;100;2457
1920x1080.mp4;GPU;RESIZE;1920;1080;1280;720;100;2454
1920x1080.mp4;GPU;RESIZE;1920;1080;1280;720;100;2500
1920x1080.mp4;GPU;RESIZE;1920;1080;1280;720;100;2454
1920x1080.mp4;GPU;RESIZE;1920;1080;1280;720;100;2459
1920x1080.mp4;GPU;RESIZE;1920;1080;1280;720;100;2488
1920x1080.mp4;GPU;RESIZE;1920;1080;1280;720;100;2446
1920x1080.mp4;GPU;RESIZE;1920;1080;1280;720;100;2424
1920x1080.mp4;GPU;RESIZE;1920;1080;1600;900;100;2926
1920x1080.mp4;GPU;RESIZE;1920;1080;1600;900;100;2924
1920x1080.mp4;GPU;RESIZE;1920;1080;1600;900;100;2968
1920x1080.mp4;GPU;RESIZE;1920;1080;1600;900;100;2912
1920x1080.mp4;GPU;RESIZE;1920;1080;1600;900;100;2948
1920x1080.mp4;GPU;RESIZE;1920;1080;1600;900;100;2939
1920x1080.mp4;GPU;RESIZE;1920;1080;1600;900;100;2899
1920x1080.mp4;GPU;RESIZE;1920;1080;1600;900;100;2913
1920x1080.mp4;GPU;RESIZE;1920;1080;1600;900;100;2926
1920x1080.mp4;GPU;RESIZE;1920;1080;1600;900;100;2930
1920x1080.mp4;GPU;RESIZE;1920;1080;1600;900;100;2914
1920x1080.mp4;GPU;RESIZE;1920;1080;1600;900;100;2899
1920x1080.mp4;GPU;RESIZE;1920;1080;1600;900;100;2931
1920x1080.mp4;GPU;RESIZE;1920;1080;1600;900;100;2930
1920x1080.mp4;GPU;RESIZE;1920;1080;1600;900;100;2921
1920x1080.mp4;GPU;RESIZE;1920;1080;1600;900;100;2894
1920x1080.mp4;GPU;RESIZE;1920;1080;1600;900;100;2929
1920x1080.mp4;GPU;RESIZE;1920;1080;1600;900;100;2926
1920x1080.mp4;GPU;RESIZE;1920;1080;1600;900;100;2976
1920x1080.mp4;GPU;RESIZE;1920;1080;1600;900;100;2947
1920x1080.mp4;GPU;RESIZE;1920;1080;1920;1080;100;3506
1920x1080.mp4;GPU;RESIZE;1920;1080;1920;1080;100;3446
1920x1080.mp4;GPU;RESIZE;1920;1080;1920;1080;100;3527
1920x1080.mp4;GPU;RESIZE;1920;1080;1920;1080;100;3479
1920x1080.mp4;GPU;RESIZE;1920;1080;1920;1080;100;3529
1920x1080.mp4;GPU;RESIZE;1920;1080;1920;1080;100;3540
1920x1080.mp4;GPU;RESIZE;1920;1080;1920;1080;100;3514
1920x1080.mp4;GPU;RESIZE;1920;1080;1920;1080;100;3579
1920x1080.mp4;GPU;RESIZE;1920;1080;1920;1080;100;3516
1920x1080.mp4;GPU;RESIZE;1920;1080;1920;1080;100;3494
1920x1080.mp4;GPU;RESIZE;1920;1080;1920;1080;100;3535
1920x1080.mp4;GPU;RESIZE;1920;1080;1920;1080;100;3543
1920x1080.mp4;GPU;RESIZE;1920;1080;1920;1080;100;3462
1920x1080.mp4;GPU;RESIZE;1920;1080;1920;1080;100;3534
1920x1080.mp4;GPU;RESIZE;1920;1080;1920;1080;100;3560
1920x1080.mp4;GPU;RESIZE;1920;1080;1920;1080;100;3515
1920x1080.mp4;GPU;RESIZE;1920;1080;1920;1080;100;3493
1920x1080.mp4;GPU;RESIZE;1920;1080;1920;1080;100;3544
1920x1080.mp4;GPU;RESIZE;1920;1080;1920;1080;100;3513
1920x1080.mp4;GPU;RESIZE;1920;1080;1920;1080;100;3531
640x360.mp4;CPU;MONO;640;360;640;360;200;2532
640x360.mp4;CPU;MONO;640;360;640;360;200;2585
640x360.mp4;CPU;MONO;640;360;640;360;200;2539
640x360.mp4;CPU;MONO;640;360;640;360;200;2558
640x360.mp4;CPU;MONO;640;360;640;360;200;2571
640x360.mp4;CPU;MONO;640;360;640;360;200;2534
640x360.mp4;CPU;MONO;640;360;640;360;200;2482
640x360.mp4;CPU;MONO;640;360;640;360;200;2589
640x360.mp4;CPU;MONO;640;360;640;360;200;2473
640x360.mp4;CPU;MONO;640;360;640;360;200;2501
640x360.mp4;CPU;MONO;640;360;640;360;200;2454
640x360.mp4;CPU;MONO;640;360;640;360;200;2456
640x360.mp4;CPU;MONO;640;360;640;360;200;2442
640x360.mp4;CPU;MONO;640;360;640;360;200;2428
640x360.mp4;CPU;MONO;640;360;640;360;200;2429
640x360.mp4;CPU;MONO;640;360;640;360;200;2590
640x360.mp4;CPU;MONO;640;360;640;360;200;3004
640x360.mp4;CPU;MONO;640;360;640;360;200;2464
640x360.mp4;CPU;MONO;640;360;640;360;200;2394
640x360.mp4;CPU;MONO;640;360;640;360;200;2434
1280x720.mp4;CPU;MONO;1280;720;1280;720;200;8166
1280x720.mp4;CPU;MONO;1280;720;1280;720;200;8475
1280x720.mp4;CPU;MONO;1280;720;1280;720;200;9328
1280x720.mp4;CPU;MONO;1280;720;1280;720;200;8249
1280x720.mp4;CPU;MONO;1280;720;1280;720;200;8272
1280x720.mp4;CPU;MONO;1280;720;1280;720;200;8039
1280x720.mp4;CPU;MONO;1280;720;1280;720;200;8165
1280x720.mp4;CPU;MONO;1280;720;1280;720;200;7927
1280x720.mp4;CPU;MONO;1280;720;1280;720;200;8187
1280x720.mp4;CPU;MONO;1280;720;1280;720;200;8118
1280x720.mp4;CPU;MONO;1280;720;1280;720;200;8609
1280x720.mp4;CPU;MONO;1280;720;1280;720;200;7900
1280x720.mp4;CPU;MONO;1280;720;1280;720;200;8290
1280x720.mp4;CPU;MONO;1280;720;1280;720;200;8176
1280x720.mp4;CPU;MONO;1280;720;1280;720;200;7869
1280x720.mp4;CPU;MONO;1280;720;1280;720;200;7876
1280x720.mp4;CPU;MONO;1280;720;1280;720;200;7827
1280x720.mp4;CPU;MONO;1280;720;1280;720;200;7769
1280x720.mp4;CPU;MONO;1280;720;1280;720;200;7762
1280x720.mp4;CPU;MONO;1280;720;1280;720;200;7708
1600x900.mp4;CPU;MONO;1600;900;1600;900;200;13287
1600x900.mp4;CPU;MONO;1600;900;1600;900;200;12786
1600x900.mp4;CPU;MONO;1600;900;1600;900;200;12947
1600x900.mp4;CPU;MONO;1600;900;1600;900;200;13063
1600x900.mp4;CPU;MONO;1600;900;1600;900;200;12826
1600x900.mp4;CPU;MONO;1600;900;1600;900;200;12755
1600x900.mp4;CPU;MONO;1600;900;1600;900;200;12888
1600x900.mp4;CPU;MONO;1600;900;1600;900;200;12476
1600x900.mp4;CPU;MONO;1600;900;1600;900;200;13059
1600x900.mp4;CPU;MONO;1600;900;1600;900;200;12687
1600x900.mp4;CPU;MONO;1600;900;1600;900;200;12823
1600x900.mp4;CPU;MONO;1600;900;1600;900;200;12707
1600x900.mp4;CPU;MONO;1600;900;1600;900;200;13187
1600x900.mp4;CPU;MONO;1600;900;1600;900;200;13133
1600x900.mp4;CPU;MONO;1600;900;1600;900;200;12221
1600x900.mp4;CPU;MONO;1600;900;1600;900;200;13136
1600x900.mp4;CPU;MONO;1600;900;1600;900;200;12615
1600x900.mp4;CPU;MONO;1600;900;1600;900;200;12622
1600x900.mp4;CPU;MONO;1600;900;1600;900;200;12608
1600x900.mp4;CPU;MONO;1600;900;1600;900;200;13037
1920x1080.mp4;CPU;MONO;1920;1080;1920;1080;200;19497
1920x1080.mp4;CPU;MONO;1920;1080;1920;1080;200;20295
1920x1080.mp4;CPU;MONO;1920;1080;1920;1080;200;20056
1920x1080.mp4;CPU;MONO;1920;1080;1920;1080;200;20221
1920x1080.mp4;CPU;MONO;1920;1080;1920;1080;200;19598
1920x1080.mp4;CPU;MONO;1920;1080;1920;1080;200;20887
1920x1080.mp4;CPU;MONO;1920;1080;1920;1080;200;21275
1920x1080.mp4;CPU;MONO;1920;1080;1920;1080;200;19656
1920x1080.mp4;CPU;MONO;1920;1080;1920;1080;200;20460
1920x1080.mp4;CPU;MONO;1920;1080;1920;1080;200;19874
1920x1080.mp4;CPU;MONO;1920;1080;1920;1080;200;20234
1920x1080.mp4;CPU;MONO;1920;1080;1920;1080;200;19989
1920x1080.mp4;CPU;MONO;1920;1080;1920;1080;200;19359
1920x1080.mp4;CPU;MONO;1920;1080;1920;1080;200;19744
1920x1080.mp4;CPU;MONO;1920;1080;1920;1080;200;20160
1920x1080.mp4;CPU;MONO;1920;1080;1920;1080;200;19788
1920x1080.mp4;CPU;MONO;1920;1080;1920;1080;200;19960
1920x1080.mp4;CPU;MONO;1920;1080;1920;1080;200;19362
1920x1080.mp4;CPU;MONO;1920;1080;1920;1080;200;19828
1920x1080.mp4;CPU;MONO;1920;1080;1920;1080;200;19553
640x360.mp4;GPU;MONO;640;360;640;360;200;2419
640x360.mp4;GPU;MONO;640;360;640;360;200;2450
640x360.mp4;GPU;MONO;640;360;640;360;200;2766
640x360.mp4;GPU;MONO;640;360;640;360;200;2485
640x360.mp4;GPU;MONO;640;360;640;360;200;2384
640x360.mp4;GPU;MONO;640;360;640;360;200;2373
640x360.mp4;GPU;MONO;640;360;640;360;200;2370
640x360.mp4;GPU;MONO;640;360;640;360;200;2351
640x360.mp4;GPU;MONO;640;360;640;360;200;2344
640x360.mp4;GPU;MONO;640;360;640;360;200;2346
640x360.mp4;GPU;MONO;640;360;640;360;200;2330
640x360.mp4;GPU;MONO;640;360;640;360;200;2334
640x360.mp4;GPU;MONO;640;360;640;360;200;2409
640x360.mp4;GPU;MONO;640;360;640;360;200;2342
640x360.mp4;GPU;MONO;640;360;640;360;200;2195
640x360.mp4;GPU;MONO;640;360;640;360;200;2362
640x360.mp4;GPU;MONO;640;360;640;360;200;2312
640x360.mp4;GPU;MONO;640;360;640;360;200;2358
640x360.mp4;GPU;MONO;640;360;640;360;200;2391
640x360.mp4;GPU;MONO;640;360;640;360;200;2531
1280x720.mp4;GPU;MONO;1280;720;1280;720;200;2644
1280x720.mp4;GPU;MONO;1280;720;1280;720;200;2690
1280x720.mp4;GPU;MONO;1280;720;1280;720;200;2736
1280x720.mp4;GPU;MONO;1280;720;1280;720;200;2676
1280x720.mp4;GPU;MONO;1280;720;1280;720;200;2794
1280x720.mp4;GPU;MONO;1280;720;1280;720;200;2631
1280x720.mp4;GPU;MONO;1280;720;1280;720;200;2564
1280x720.mp4;GPU;MONO;1280;720;1280;720;200;2710
1280x720.mp4;GPU;MONO;1280;720;1280;720;200;2656
1280x720.mp4;GPU;MONO;1280;720;1280;720;200;2624
1280x720.mp4;GPU;MONO;1280;720;1280;720;200;2712
1280x720.mp4;GPU;MONO;1280;720;1280;720;200;2709
1280x720.mp4;GPU;MONO;1280;720;1280;720;200;2599
1280x720.mp4;GPU;MONO;1280;720;1280;720;200;2608
1280x720.mp4;GPU;MONO;1280;720;1280;720;200;2689
1280x720.mp4;GPU;MONO;1280;720;1280;720;200;2652
1280x720.mp4;GPU;MONO;1280;720;1280;720;200;2784
1280x720.mp4;GPU;MONO;1280;720;1280;720;200;2603
1280x720.mp4;GPU;MONO;1280;720;1280;720;200;2633
1280x720.mp4;GPU;MONO;1280;720;1280;720;200;2512
1600x900.mp4;GPU;MONO;1600;900;1600;900;200;2940
1600x900.mp4;GPU;MONO;1600;900;1600;900;200;2869
1600x900.mp4;GPU;MONO;1600;900;1600;900;200;2795
1600x900.mp4;GPU;MONO;1600;900;1600;900;200;2877
1600x900.mp4;GPU;MONO;1600;900;1600;900;200;2904
1600x900.mp4;GPU;MONO;1600;900;1600;900;200;2870
1600x900.mp4;GPU;MONO;1600;900;1600;900;200;2882
1600x900.mp4;GPU;MONO;1600;900;1600;900;200;2877
1600x900.mp4;GPU;MONO;1600;900;1600;900;200;2925
1600x900.mp4;GPU;MONO;1600;900;1600;900;200;2979
1600x900.mp4;GPU;MONO;1600;900;1600;900;200;2875
1600x900.mp4;GPU;MONO;1600;900;1600;900;200;2902
1600x900.mp4;GPU;MONO;1600;900;1600;900;200;2782
1600x900.mp4;GPU;MONO;1600;900;1600;900;200;2907
1600x900.mp4;GPU;MONO;1600;900;1600;900;200;2855
1600x900.mp4;GPU;MONO;1600;900;1600;900;200;2845
1600x900.mp4;GPU;MONO;1600;900;1600;900;200;2889
1600x900.mp4;GPU;MONO;1600;900;1600;900;200;2829
1600x900.mp4;GPU;MONO;1600;900;1600;900;200;2879
1600x900.mp4;GPU;MONO;1600;900;1600;900;200;2878
1920x1080.mp4;GPU;MONO;1920;1080;1920;1080;200;2503
1920x1080.mp4;GPU;MONO;1920;1080;1920;1080;200;2524
1920x1080.mp4;GPU;MONO;1920;1080;1920;1080;200;2501
1920x1080.mp4;GPU;MONO;1920;1080;1920;1080;200;2494
1920x1080.mp4;GPU;MONO;1920;1080;1920;1080;200;2481
1920x1080.mp4;GPU;MONO;1920;1080;1920;1080;200;2525
1920x1080.mp4;GPU;MONO;1920;1080;1920;1080;200;2491
1920x1080.mp4;GPU;MONO;1920;1080;1920;1080;200;2503
1920x1080.mp4;GPU;MONO;1920;1080;1920;1080;200;2514
1920x1080.mp4;GPU;MONO;1920;1080;1920;1080;200;2505
1920x1080.mp4;GPU;MONO;1920;1080;1920;1080;200;2500
1920x1080.mp4;GPU;MONO;1920;1080;1920;1080;200;2522
1920x1080.mp4;GPU;MONO;1920;1080;1920;1080;200;2512
1920x1080.mp4;GPU;MONO;1920;1080;1920;1080;200;2536
1920x1080.mp4;GPU;MONO;1920;1080;1920;1080;200;2530
1920x1080.mp4;GPU;MONO;1920;1080;1920;1080;200;2528
1920x1080.mp4;GPU;MONO;1920;1080;1920;1080;200;2521
1920x1080.mp4;GPU;MONO;1920;1080;1920;1080;200;2448
1920x1080.mp4;GPU;MONO;1920;1080;1920;1080;200;2514
1920x1080.mp4;GPU;MONO;1920;1080;1920;1080;200;2535
640x360.mp4;CPU;RESIZE;640;360;640;360;100;2053
640x360.mp4;CPU;RESIZE;640;360;640;360;100;2191
640x360.mp4;CPU;RESIZE;640;360;640;360;100;2384
640x360.mp4;CPU;RESIZE;640;360;640;360;100;2180
640x360.mp4;CPU;RESIZE;640;360;640;360;100;2206
640x360.mp4;CPU;RESIZE;640;360;640;360;100;2250
640x360.mp4;CPU;RESIZE;640;360;640;360;100;2200
640x360.mp4;CPU;RESIZE;640;360;640;360;100;2240
640x360.mp4;CPU;RESIZE;640;360;640;360;100;2241
640x360.mp4;CPU;RESIZE;640;360;640;360;100;2269
640x360.mp4;CPU;RESIZE;640;360;640;360;100;2258
640x360.mp4;CPU;RESIZE;640;360;640;360;100;2254
640x360.mp4;CPU;RESIZE;640;360;640;360;100;2245
640x360.mp4;CPU;RESIZE;640;360;640;360;100;2248
640x360.mp4;CPU;RESIZE;640;360;640;360;100;2227
640x360.mp4;CPU;RESIZE;640;360;640;360;100;2226
640x360.mp4;CPU;RESIZE;640;360;640;360;100;2282
640x360.mp4;CPU;RESIZE;640;360;640;360;100;2275
640x360.mp4;CPU;RESIZE;640;360;640;360;100;2231
640x360.mp4;CPU;RESIZE;640;360;640;360;100;2241
640x360.mp4;CPU;RESIZE;640;360;1280;720;100;6307
640x360.mp4;CPU;RESIZE;640;360;1280;720;100;6367
640x360.mp4;CPU;RESIZE;640;360;1280;720;100;6387
640x360.mp4;CPU;RESIZE;640;360;1280;720;100;6665
640x360.mp4;CPU;RESIZE;640;360;1280;720;100;6837
640x360.mp4;CPU;RESIZE;640;360;1280;720;100;6388
640x360.mp4;CPU;RESIZE;640;360;1280;720;100;6431
640x360.mp4;CPU;RESIZE;640;360;1280;720;100;6728
640x360.mp4;CPU;RESIZE;640;360;1280;720;100;6479
640x360.mp4;CPU;RESIZE;640;360;1280;720;100;6420
640x360.mp4;CPU;RESIZE;640;360;1280;720;100;6529
640x360.mp4;CPU;RESIZE;640;360;1280;720;100;6482
640x360.mp4;CPU;RESIZE;640;360;1280;720;100;6459
640x360.mp4;CPU;RESIZE;640;360;1280;720;100;6469
640x360.mp4;CPU;RESIZE;640;360;1280;720;100;6448
640x360.mp4;CPU;RESIZE;640;360;1280;720;100;6595
640x360.mp4;CPU;RESIZE;640;360;1280;720;100;6440
640x360.mp4;CPU;RESIZE;640;360;1280;720;100;6422
640x360.mp4;CPU;RESIZE;640;360;1280;720;100;6399
640x360.mp4;CPU;RESIZE;640;360;1280;720;100;6415
640x360.mp4;CPU;RESIZE;640;360;1600;900;100;10126
640x360.mp4;CPU;RESIZE;640;360;1600;900;100;10131
640x360.mp4;CPU;RESIZE;640;360;1600;900;100;10137
640x360.mp4;CPU;RESIZE;640;360;1600;900;100;10080
640x360.mp4;CPU;RESIZE;640;360;1600;900;100;10126
640x360.mp4;CPU;RESIZE;640;360;1600;900;100;10120
640x360.mp4;CPU;RESIZE;640;360;1600;900;100;10403
640x360.mp4;CPU;RESIZE;640;360;1600;900;100;10432
640x360.mp4;CPU;RESIZE;640;360;1600;900;100;10211
640x360.mp4;CPU;RESIZE;640;360;1600;900;100;10223
640x360.mp4;CPU;RESIZE;640;360;1600;900;100;10129
640x360.mp4;CPU;RESIZE;640;360;1600;900;100;10100
640x360.mp4;CPU;RESIZE;640;360;1600;900;100;10130
640x360.mp4;CPU;RESIZE;640;360;1600;900;100;10104
640x360.mp4;CPU;RESIZE;640;360;1600;900;100;10362
640x360.mp4;CPU;RESIZE;640;360;1600;900;100;10155
640x360.mp4;CPU;RESIZE;640;360;1600;900;100;10153
640x360.mp4;CPU;RESIZE;640;360;1600;900;100;10113
640x360.mp4;CPU;RESIZE;640;360;1600;900;100;10366
640x360.mp4;CPU;RESIZE;640;360;1600;900;100;10181
640x360.mp4;CPU;RESIZE;640;360;1920;1080;100;14271
640x360.mp4;CPU;RESIZE;640;360;1920;1080;100;14169
640x360.mp4;CPU;RESIZE;640;360;1920;1080;100;14301
640x360.mp4;CPU;RESIZE;640;360;1920;1080;100;14090
640x360.mp4;CPU;RESIZE;640;360;1920;1080;100;14244
640x360.mp4;CPU;RESIZE;640;360;1920;1080;100;13962
640x360.mp4;CPU;RESIZE;640;360;1920;1080;100;14059
640x360.mp4;CPU;RESIZE;640;360;1920;1080;100;14201
640x360.mp4;CPU;RESIZE;640;360;1920;1080;100;13978
640x360.mp4;CPU;RESIZE;640;360;1920;1080;100;14307
640x360.mp4;CPU;RESIZE;640;360;1920;1080;100;14012
640x360.mp4;CPU;RESIZE;640;360;1920;1080;100;14009
640x360.mp4;CPU;RESIZE;640;360;1920;1080;100;13979
640x360.mp4;CPU;RESIZE;640;360;1920;1080;100;13965
640x360.mp4;CPU;RESIZE;640;360;1920;1080;100;13893
640x360.mp4;CPU;RESIZE;640;360;1920;1080;100;13967
640x360.mp4;CPU;RESIZE;640;360;1920;1080;100;14169
640x360.mp4;CPU;RESIZE;640;360;1920;1080;100;13877
640x360.mp4;CPU;RESIZE;640;360;1920;1080;100;14072
640x360.mp4;CPU;RESIZE;640;360;1920;1080;100;13890
1280x720.mp4;CPU;RESIZE;1280;720;640;360;100;3414
1280x720.mp4;CPU;RESIZE;1280;720;640;360;100;3540
1280x720.mp4;CPU;RESIZE;1280;720;640;360;100;3326
1280x720.mp4;CPU;RESIZE;1280;720;640;360;100;3193
1280x720.mp4;CPU;RESIZE;1280;720;640;360;100;3204
1280x720.mp4;CPU;RESIZE;1280;720;640;360;100;3169
1280x720.mp4;CPU;RESIZE;1280;720;640;360;100;3194
1280x720.mp4;CPU;RESIZE;1280;720;640;360;100;3199
1280x720.mp4;CPU;RESIZE;1280;720;640;360;100;3564
1280x720.mp4;CPU;RESIZE;1280;720;640;360;100;3479
1280x720.mp4;CPU;RESIZE;1280;720;640;360;100;3295
1280x720.mp4;CPU;RESIZE;1280;720;640;360;100;3186
1280x720.mp4;CPU;RESIZE;1280;720;640;360;100;3206
1280x720.mp4;CPU;RESIZE;1280;720;640;360;100;3250
1280x720.mp4;CPU;RESIZE;1280;720;640;360;100;3210
1280x720.mp4;CPU;RESIZE;1280;720;640;360;100;3213
1280x720.mp4;CPU;RESIZE;1280;720;640;360;100;3273
1280x720.mp4;CPU;RESIZE;1280;720;640;360;100;3193
1280x720.mp4;CPU;RESIZE;1280;720;640;360;100;3187
1280x720.mp4;CPU;RESIZE;1280;720;640;360;100;3202
1280x720.mp4;CPU;RESIZE;1280;720;1280;720;100;7460
1280x720.mp4;CPU;RESIZE;1280;720;1280;720;100;7185
1280x720.mp4;CPU;RESIZE;1280;720;1280;720;100;7197
1280x720.mp4;CPU;RESIZE;1280;720;1280;720;100;7250
1280x720.mp4;CPU;RESIZE;1280;720;1280;720;100;7184
1280x720.mp4;CPU;RESIZE;1280;720;1280;720;100;7322
1280x720.mp4;CPU;RESIZE;1280;720;1280;720;100;7142
1280x720.mp4;CPU;RESIZE;1280;720;1280;720;100;7249
1280x720.mp4;CPU;RESIZE;1280;720;1280;720;100;7243
1280x720.mp4;CPU;RESIZE;1280;720;1280;720;100;7295
1280x720.mp4;CPU;RESIZE;1280;720;1280;720;100;7142
1280x720.mp4;CPU;RESIZE;1280;720;1280;720;100;7351
1280x720.mp4;CPU;RESIZE;1280;720;1280;720;100;7421
1280x720.mp4;CPU;RESIZE;1280;720;1280;720;100;7296
1280x720.mp4;CPU;RESIZE;1280;720;1280;720;100;7361
1280x720.mp4;CPU;RESIZE;1280;720;1280;720;100;7180
1280x720.mp4;CPU;RESIZE;1280;720;1280;720;100;7273
1280x720.mp4;CPU;RESIZE;1280;720;1280;720;100;7609
1280x720.mp4;CPU;RESIZE;1280;720;1280;720;100;7199
1280x720.mp4;CPU;RESIZE;1280;720;1280;720;100;7321
1280x720.mp4;CPU;RESIZE;1280;720;1600;900;100;11248
1280x720.mp4;CPU;RESIZE;1280;720;1600;900;100;11280
1280x720.mp4;CPU;RESIZE;1280;720;1600;900;100;11167
1280x720.mp4;CPU;RESIZE;1280;720;1600;900;100;11241
1280x720.mp4;CPU;RESIZE;1280;720;1600;900;100;11291
1280x720.mp4;CPU;RESIZE;1280;720;1600;900;100;11241
1280x720.mp4;CPU;RESIZE;1280;720;1600;900;100;11262
1280x720.mp4;CPU;RESIZE;1280;720;1600;900;100;11235
1280x720.mp4;CPU;RESIZE;1280;720;1600;900;100;11213
1280x720.mp4;CPU;RESIZE;1280;720;1600;900;100;11430
1280x720.mp4;CPU;RESIZE;1280;720;1600;900;100;11219
1280x720.mp4;CPU;RESIZE;1280;720;1600;900;100;11216
1280x720.mp4;CPU;RESIZE;1280;720;1600;900;100;11398
1280x720.mp4;CPU;RESIZE;1280;720;1600;900;100;11303
1280x720.mp4;CPU;RESIZE;1280;720;1600;900;100;11284
1280x720.mp4;CPU;RESIZE;1280;720;1600;900;100;11255
1280x720.mp4;CPU;RESIZE;1280;720;1600;900;100;11191
1280x720.mp4;CPU;RESIZE;1280;720;1600;900;100;11228
1280x720.mp4;CPU;RESIZE;1280;720;1600;900;100;11191
1280x720.mp4;CPU;RESIZE;1280;720;1600;900;100;11169
1280x720.mp4;CPU;RESIZE;1280;720;1920;1080;100;15246
1280x720.mp4;CPU;RESIZE;1280;720;1920;1080;100;15173
1280x720.mp4;CPU;RESIZE;1280;720;1920;1080;100;15183
1280x720.mp4;CPU;RESIZE;1280;720;1920;1080;100;15078
1280x720.mp4;CPU;RESIZE;1280;720;1920;1080;100;15092
1280x720.mp4;CPU;RESIZE;1280;720;1920;1080;100;15045
1280x720.mp4;CPU;RESIZE;1280;720;1920;1080;100;15264
1280x720.mp4;CPU;RESIZE;1280;720;1920;1080;100;15254
1280x720.mp4;CPU;RESIZE;1280;720;1920;1080;100;15362
1280x720.mp4;CPU;RESIZE;1280;720;1920;1080;100;15203
1280x720.mp4;CPU;RESIZE;1280;720;1920;1080;100;15290
1280x720.mp4;CPU;RESIZE;1280;720;1920;1080;100;15010
1280x720.mp4;CPU;RESIZE;1280;720;1920;1080;100;15129
1280x720.mp4;CPU;RESIZE;1280;720;1920;1080;100;15107
1280x720.mp4;CPU;RESIZE;1280;720;1920;1080;100;15186
1280x720.mp4;CPU;RESIZE;1280;720;1920;1080;100;15141
1280x720.mp4;CPU;RESIZE;1280;720;1920;1080;100;16599
1280x720.mp4;CPU;RESIZE;1280;720;1920;1080;100;15431
1280x720.mp4;CPU;RESIZE;1280;720;1920;1080;100;15388
1280x720.mp4;CPU;RESIZE;1280;720;1920;1080;100;15155
1600x900.mp4;CPU;RESIZE;1600;900;640;360;100;4263
1600x900.mp4;CPU;RESIZE;1600;900;640;360;100;4064
1600x900.mp4;CPU;RESIZE;1600;900;640;360;100;3826
1600x900.mp4;CPU;RESIZE;1600;900;640;360;100;4283
1600x900.mp4;CPU;RESIZE;1600;900;640;360;100;3958
1600x900.mp4;CPU;RESIZE;1600;900;640;360;100;3820
1600x900.mp4;CPU;RESIZE;1600;900;640;360;100;3833
1600x900.mp4;CPU;RESIZE;1600;900;640;360;100;3802
1600x900.mp4;CPU;RESIZE;1600;900;640;360;100;3823
1600x900.mp4;CPU;RESIZE;1600;900;640;360;100;3789
1600x900.mp4;CPU;RESIZE;1600;900;640;360;100;3840
1600x900.mp4;CPU;RESIZE;1600;900;640;360;100;3885
1600x900.mp4;CPU;RESIZE;1600;900;640;360;100;3819
1600x900.mp4;CPU;RESIZE;1600;900;640;360;100;3826
1600x900.mp4;CPU;RESIZE;1600;900;640;360;100;3810
1600x900.mp4;CPU;RESIZE;1600;900;640;360;100;3830
1600x900.mp4;CPU;RESIZE;1600;900;640;360;100;3823
1600x900.mp4;CPU;RESIZE;1600;900;640;360;100;3833
1600x900.mp4;CPU;RESIZE;1600;900;640;360;100;3966
1600x900.mp4;CPU;RESIZE;1600;900;640;360;100;3807
1600x900.mp4;CPU;RESIZE;1600;900;1280;720;100;8407
1600x900.mp4;CPU;RESIZE;1600;900;1280;720;100;8663
1600x900.mp4;CPU;RESIZE;1600;900;1280;720;100;8669
1600x900.mp4;CPU;RESIZE;1600;900;1280;720;100;8523
1600x900.mp4;CPU;RESIZE;1600;900;1280;720;100;8790
1600x900.mp4;CPU;RESIZE;1600;900;1280;720;100;8583
1600x900.mp4;CPU;RESIZE;1600;900;1280;720;100;9034
1600x900.mp4;CPU;RESIZE;1600;900;1280;720;100;8603
1600x900.mp4;CPU;RESIZE;1600;900;1280;720;100;8613
1600x900.mp4;CPU;RESIZE;1600;900;1280;720;100;8675
1600x900.mp4;CPU;RESIZE;1600;900;1280;720;100;8764
1600x900.mp4;CPU;RESIZE;1600;900;1280;720;100;8688
1600x900.mp4;CPU;RESIZE;1600;900;1280;720;100;8770
1600x900.mp4;CPU;RESIZE;1600;900;1280;720;100;9284
1600x900.mp4;CPU;RESIZE;1600;900;1280;720;100;8618
1600x900.mp4;CPU;RESIZE;1600;900;1280;720;100;8743
1600x900.mp4;CPU;RESIZE;1600;900;1280;720;100;8716
1600x900.mp4;CPU;RESIZE;1600;900;1280;720;100;8872
1600x900.mp4;CPU;RESIZE;1600;900;1280;720;100;8603
1600x900.mp4;CPU;RESIZE;1600;900;1280;720;100;8662
1600x900.mp4;CPU;RESIZE;1600;900;1600;900;100;12403
1600x900.mp4;CPU;RESIZE;1600;900;1600;900;100;11733
1600x900.mp4;CPU;RESIZE;1600;900;1600;900;100;12163
1600x900.mp4;CPU;RESIZE;1600;900;1600;900;100;12174
1600x900.mp4;CPU;RESIZE;1600;900;1600;900;100;11626
1600x900.mp4;CPU;RESIZE;1600;900;1600;900;100;12350
1600x900.mp4;CPU;RESIZE;1600;900;1600;900;100;11824
1600x900.mp4;CPU;RESIZE;1600;900;1600;900;100;12127
1600x900.mp4;CPU;RESIZE;1600;900;1600;900;100;12211
1600x900.mp4;CPU;RESIZE;1600;900;1600;900;100;11821
1600x900.mp4;CPU;RESIZE;1600;900;1600;900;100;12241
1600x900.mp4;CPU;RESIZE;1600;900;1600;900;100;12131
1600x900.mp4;CPU;RESIZE;1600;900;1600;900;100;11795
1600x900.mp4;CPU;RESIZE;1600;900;1600;900;100;12310
1600x900.mp4;CPU;RESIZE;1600;900;1600;900;100;12055
1600x900.mp4;CPU;RESIZE;1600;900;1600;900;100;12361
1600x900.mp4;CPU;RESIZE;1600;900;1600;900;100;12264
1600x900.mp4;CPU;RESIZE;1600;900;1600;900;100;11905
1600x900.mp4;CPU;RESIZE;1600;900;1600;900;100;12026
1600x900.mp4;CPU;RESIZE;1600;900;1600;900;100;11840
1600x900.mp4;CPU;RESIZE;1600;900;1920;1080;100;16115
1600x900.mp4;CPU;RESIZE;1600;900;1920;1080;100;16364
1600x900.mp4;CPU;RESIZE;1600;900;1920;1080;100;16358
1600x900.mp4;CPU;RESIZE;1600;900;1920;1080;100;16572
1600x900.mp4;CPU;RESIZE;1600;900;1920;1080;100;16476
1600x900.mp4;CPU;RESIZE;1600;900;1920;1080;100;16079
1600x900.mp4;CPU;RESIZE;1600;900;1920;1080;100;16573
1600x900.mp4;CPU;RESIZE;1600;900;1920;1080;100;16107
1600x900.mp4;CPU;RESIZE;1600;900;1920;1080;100;16367
1600x900.mp4;CPU;RESIZE;1600;900;1920;1080;100;16069
1600x900.mp4;CPU;RESIZE;1600;900;1920;1080;100;16654
1600x900.mp4;CPU;RESIZE;1600;900;1920;1080;100;16491
1600x900.mp4;CPU;RESIZE;1600;900;1920;1080;100;16763
1600x900.mp4;CPU;RESIZE;1600;900;1920;1080;100;16447
1600x900.mp4;CPU;RESIZE;1600;900;1920;1080;100;16699
1600x900.mp4;CPU;RESIZE;1600;900;1920;1080;100;16151
1600x900.mp4;CPU;RESIZE;1600;900;1920;1080;100;16429
1600x900.mp4;CPU;RESIZE;1600;900;1920;1080;100;16315
1600x900.mp4;CPU;RESIZE;1600;900;1920;1080;100;16763
1600x900.mp4;CPU;RESIZE;1600;900;1920;1080;100;16285
1920x1080.mp4;CPU;RESIZE;1920;1080;640;360;100;5290
1920x1080.mp4;CPU;RESIZE;1920;1080;640;360;100;4660
1920x1080.mp4;CPU;RESIZE;1920;1080;640;360;100;4716
1920x1080.mp4;CPU;RESIZE;1920;1080;640;360;100;4666
1920x1080.mp4;CPU;RESIZE;1920;1080;640;360;100;4687
1920x1080.mp4;CPU;RESIZE;1920;1080;640;360;100;4785
1920x1080.mp4;CPU;RESIZE;1920;1080;640;360;100;4647
1920x1080.mp4;CPU;RESIZE;1920;1080;640;360;100;4791
1920x1080.mp4;CPU;RESIZE;1920;1080;640;360;100;4654
1920x1080.mp4;CPU;RESIZE;1920;1080;640;360;100;4714
1920x1080.mp4;CPU;RESIZE;1920;1080;640;360;100;4704
1920x1080.mp4;CPU;RESIZE;1920;1080;640;360;100;4701
1920x1080.mp4;CPU;RESIZE;1920;1080;640;360;100;4686
1920x1080.mp4;CPU;RESIZE;1920;1080;640;360;100;4705
1920x1080.mp4;CPU;RESIZE;1920;1080;640;360;100;4739
1920x1080.mp4;CPU;RESIZE;1920;1080;640;360;100;4702
1920x1080.mp4;CPU;RESIZE;1920;1080;640;360;100;4669
1920x1080.mp4;CPU;RESIZE;1920;1080;640;360;100;4651
1920x1080.mp4;CPU;RESIZE;1920;1080;640;360;100;4728
1920x1080.mp4;CPU;RESIZE;1920;1080;640;360;100;4674
1920x1080.mp4;CPU;RESIZE;1920;1080;1280;720;100;9858
1920x1080.mp4;CPU;RESIZE;1920;1080;1280;720;100;10593
1920x1080.mp4;CPU;RESIZE;1920;1080;1280;720;100;10796
1920x1080.mp4;CPU;RESIZE;1920;1080;1280;720;100;10424
1920x1080.mp4;CPU;RESIZE;1920;1080;1280;720;100;10624
1920x1080.mp4;CPU;RESIZE;1920;1080;1280;720;100;10702
1920x1080.mp4;CPU;RESIZE;1920;1080;1280;720;100;10219
1920x1080.mp4;CPU;RESIZE;1920;1080;1280;720;100;10116
1920x1080.mp4;CPU;RESIZE;1920;1080;1280;720;100;10480
1920x1080.mp4;CPU;RESIZE;1920;1080;1280;720;100;10631
1920x1080.mp4;CPU;RESIZE;1920;1080;1280;720;100;10140
1920x1080.mp4;CPU;RESIZE;1920;1080;1280;720;100;9988
1920x1080.mp4;CPU;RESIZE;1920;1080;1280;720;100;10270
1920x1080.mp4;CPU;RESIZE;1920;1080;1280;720;100;10739
1920x1080.mp4;CPU;RESIZE;1920;1080;1280;720;100;10401
1920x1080.mp4;CPU;RESIZE;1920;1080;1280;720;100;10496
1920x1080.mp4;CPU;RESIZE;1920;1080;1280;720;100;10488
1920x1080.mp4;CPU;RESIZE;1920;1080;1280;720;100;10124
1920x1080.mp4;CPU;RESIZE;1920;1080;1280;720;100;10123
1920x1080.mp4;CPU;RESIZE;1920;1080;1280;720;100;10032
1920x1080.mp4;CPU;RESIZE;1920;1080;1600;900;100;15582
1920x1080.mp4;CPU;RESIZE;1920;1080;1600;900;100;15424
1920x1080.mp4;CPU;RESIZE;1920;1080;1600;900;100;15046
1920x1080.mp4;CPU;RESIZE;1920;1080;1600;900;100;15160
1920x1080.mp4;CPU;RESIZE;1920;1080;1600;900;100;15084
1920x1080.mp4;CPU;RESIZE;1920;1080;1600;900;100;15132
1920x1080.mp4;CPU;RESIZE;1920;1080;1600;900;100;15105
1920x1080.mp4;CPU;RESIZE;1920;1080;1600;900;100;15074
1920x1080.mp4;CPU;RESIZE;1920;1080;1600;900;100;15227
1920x1080.mp4;CPU;RESIZE;1920;1080;1600;900;100;14799
1920x1080.mp4;CPU;RESIZE;1920;1080;1600;900;100;15009
1920x1080.mp4;CPU;RESIZE;1920;1080;1600;900;100;15377
1920x1080.mp4;CPU;RESIZE;1920;1080;1600;900;100;15006
1920x1080.mp4;CPU;RESIZE;1920;1080;1600;900;100;15278
1920x1080.mp4;CPU;RESIZE;1920;1080;1600;900;100;15313
1920x1080.mp4;CPU;RESIZE;1920;1080;1600;900;100;15182
1920x1080.mp4;CPU;RESIZE;1920;1080;1600;900;100;15016
1920x1080.mp4;CPU;RESIZE;1920;1080;1600;900;100;14401
1920x1080.mp4;CPU;RESIZE;1920;1080;1600;900;100;14923
1920x1080.mp4;CPU;RESIZE;1920;1080;1600;900;100;15036
1920x1080.mp4;CPU;RESIZE;1920;1080;1920;1080;100;18764
1920x1080.mp4;CPU;RESIZE;1920;1080;1920;1080;100;18497
1920x1080.mp4;CPU;RESIZE;1920;1080;1920;1080;100;18725
1920x1080.mp4;CPU;RESIZE;1920;1080;1920;1080;100;18955
1920x1080.mp4;CPU;RESIZE;1920;1080;1920;1080;100;17991
1920x1080.mp4;CPU;RESIZE;1920;1080;1920;1080;100;18583
1920x1080.mp4;CPU;RESIZE;1920;1080;1920;1080;100;18649
1920x1080.mp4;CPU;RESIZE;1920;1080;1920;1080;100;18809
1920x1080.mp4;CPU;RESIZE;1920;1080;1920;1080;100;18067
1920x1080.mp4;CPU;RESIZE;1920;1080;1920;1080;100;18832
1920x1080.mp4;CPU;RESIZE;1920;1080;1920;1080;100;18993
1920x1080.mp4;CPU;RESIZE;1920;1080;1920;1080;100;18396
1920x1080.mp4;CPU;RESIZE;1920;1080;1920;1080;100;18605
1920x1080.mp4;CPU;RESIZE;1920;1080;1920;1080;100;18254
1920x1080.mp4;CPU;RESIZE;1920;1080;1920;1080;100;19305
1920x1080.mp4;CPU;RESIZE;1920;1080;1920;1080;100;18092
1920x1080.mp4;CPU;RESIZE;1920;1080;1920;1080;100;18602
1920x1080.mp4;CPU;RESIZE;1920;1080;1920;1080;100;18290
1920x1080.mp4;CPU;RESIZE;1920;1080;1920;1080;100;18543
1920x1080.mp4;CPU;RESIZE;1920;1080;1920;1080;100;18840
